,file_path,speaker_id
0,C:\Users\jooer\OneDrive\Desktop\IS708_Project Material\IS708_Project Material\IS708_API\train_data\train_data\Audio\1\1677661007222.wav,1
1,C:\Users\jooer\OneDrive\Desktop\IS708_Project Material\IS708_Project Material\IS708_API\train_data\train_data\Audio\1\1677661034845.wav,1
2,C:\Users\jooer\OneDrive\Desktop\IS708_Project Material\IS708_Project Material\IS708_API\train_data\train_data\Audio\1\1677661942148.wav,1
3,C:\Users\jooer\OneDrive\Desktop\IS708_Project Material\IS708_Project Material\IS708_API\train_data\train_data\Audio\1\1677662014724.wav,1
4,C:\Users\jooer\OneDrive\Desktop\IS708_Project Material\IS708_Project Material\IS708_API\train_data\train_data\Audio\1\1677662376864.wav,1
5,C:\Users\jooer\OneDrive\Desktop\IS708_Project Material\IS708_Project Material\IS708_API\train_data\train_data\Audio\1\1677931338231.wav,1
6,C:\Users\jooer\OneDrive\Desktop\IS708_Project Material\IS708_Project Material\IS708_API\train_data\train_data\Audio\1\1677931342385.wav,1
7,C:\Users\jooer\OneDrive\Desktop\IS708_Project Material\IS708_Project Material\IS708_API\train_data\train_data\Audio\1\1677931346351.wav,1
8,C:\Users\jooer\OneDrive\Desktop\IS708_Project Material\IS708_Project Material\IS708_API\train_data\train_data\Audio\1\1677931349968.wav,1
9,C:\Users\jooer\OneDrive\Desktop\IS708_Project Material\IS708_Project Material\IS708_API\train_data\train_data\Audio\1\1677931370962.wav,1
10,C:\Users\jooer\OneDrive\Desktop\IS708_Project Material\IS708_Project Material\IS708_API\train_data\train_data\Audio\1\1677931375116.wav,1
11,C:\Users\jooer\OneDrive\Desktop\IS708_Project Material\IS708_Project Material\IS708_API\train_data\train_data\Audio\1\1677931379152.wav,1
12,C:\Users\jooer\OneDrive\Desktop\IS708_Project Material\IS708_Project Material\IS708_API\train_data\train_data\Audio\1\1677931515398.wav,1
13,C:\Users\jooer\OneDrive\Desktop\IS708_Project Material\IS708_Project Material\IS708_API\train_data\train_data\Audio\1\1677931519083.wav,1
14,C:\Users\jooer\OneDrive\Desktop\IS708_Project Material\IS708_Project Material\IS708_API\train_data\train_data\Audio\1\1677931522686.wav,1
15,C:\Users\jooer\OneDrive\Desktop\IS708_Project Material\IS708_Project Material\IS708_API\train_data\train_data\Audio\1\1677931526455.wav,1
16,C:\Users\jooer\OneDrive\Desktop\IS708_Project Material\IS708_Project Material\IS708_API\train_data\train_data\Audio\1\1677931530022.wav,1
17,C:\Users\jooer\OneDrive\Desktop\IS708_Project Material\IS708_Project Material\IS708_API\train_data\train_data\Audio\1\1677931533748.wav,1
18,C:\Users\jooer\OneDrive\Desktop\IS708_Project Material\IS708_Project Material\IS708_API\train_data\train_data\Audio\1\1677931537348.wav,1
19,C:\Users\jooer\OneDrive\Desktop\IS708_Project Material\IS708_Project Material\IS708_API\train_data\train_data\Audio\1\1677931542025.wav,1
20,C:\Users\jooer\OneDrive\Desktop\IS708_Project Material\IS708_Project Material\IS708_API\train_data\train_data\Audio\1\1677931545898.wav,1
21,C:\Users\jooer\OneDrive\Desktop\IS708_Project Material\IS708_Project Material\IS708_API\train_data\train_data\Audio\1\1677931549482.wav,1
22,C:\Users\jooer\OneDrive\Desktop\IS708_Project Material\IS708_Project Material\IS708_API\train_data\train_data\Audio\1\1677931553080.wav,1
23,C:\Users\jooer\OneDrive\Desktop\IS708_Project Material\IS708_Project Material\IS708_API\train_data\train_data\Audio\1\1677931651936.wav,1
24,C:\Users\jooer\OneDrive\Desktop\IS708_Project Material\IS708_Project Material\IS708_API\train_data\train_data\Audio\1\1677931655463.wav,1
25,C:\Users\jooer\OneDrive\Desktop\IS708_Project Material\IS708_Project Material\IS708_API\train_data\train_data\Audio\1\1677931659013.wav,1
26,C:\Users\jooer\OneDrive\Desktop\IS708_Project Material\IS708_Project Material\IS708_API\train_data\train_data\Audio\1\1677931662545.wav,1
27,C:\Users\jooer\OneDrive\Desktop\IS708_Project Material\IS708_Project Material\IS708_API\train_data\train_data\Audio\1\1677931666028.wav,1
28,C:\Users\jooer\OneDrive\Desktop\IS708_Project Material\IS708_Project Material\IS708_API\train_data\train_data\Audio\1\1677931669568.wav,1
29,C:\Users\jooer\OneDrive\Desktop\IS708_Project Material\IS708_Project Material\IS708_API\train_data\train_data\Audio\1\1677931673121.wav,1
30,C:\Users\jooer\OneDrive\Desktop\IS708_Project Material\IS708_Project Material\IS708_API\train_data\train_data\Audio\1\1677931676616.wav,1
31,C:\Users\jooer\OneDrive\Desktop\IS708_Project Material\IS708_Project Material\IS708_API\train_data\train_data\Audio\1\1677931699403.wav,1
32,C:\Users\jooer\OneDrive\Desktop\IS708_Project Material\IS708_Project Material\IS708_API\train_data\train_data\Audio\1\1677931703047.wav,1
33,C:\Users\jooer\OneDrive\Desktop\IS708_Project Material\IS708_Project Material\IS708_API\train_data\train_data\Audio\1\1677931706920.wav,1
34,C:\Users\jooer\OneDrive\Desktop\IS708_Project Material\IS708_Project Material\IS708_API\train_data\train_data\Audio\1\1677931710797.wav,1
35,C:\Users\jooer\OneDrive\Desktop\IS708_Project Material\IS708_Project Material\IS708_API\train_data\train_data\Audio\1\1677932567698.wav,1
36,C:\Users\jooer\OneDrive\Desktop\IS708_Project Material\IS708_Project Material\IS708_API\train_data\train_data\Audio\1\1677932571300.wav,1
37,C:\Users\jooer\OneDrive\Desktop\IS708_Project Material\IS708_Project Material\IS708_API\train_data\train_data\Audio\1\1677932574901.wav,1
38,C:\Users\jooer\OneDrive\Desktop\IS708_Project Material\IS708_Project Material\IS708_API\train_data\train_data\Audio\1\1677932578479.wav,1
39,C:\Users\jooer\OneDrive\Desktop\IS708_Project Material\IS708_Project Material\IS708_API\train_data\train_data\Audio\1\1677932582032.wav,1
40,C:\Users\jooer\OneDrive\Desktop\IS708_Project Material\IS708_Project Material\IS708_API\train_data\train_data\Audio\1\1677932585628.wav,1
41,C:\Users\jooer\OneDrive\Desktop\IS708_Project Material\IS708_Project Material\IS708_API\train_data\train_data\Audio\1\1677932589132.wav,1
42,C:\Users\jooer\OneDrive\Desktop\IS708_Project Material\IS708_Project Material\IS708_API\train_data\train_data\Audio\1\1677932623751.wav,1
43,C:\Users\jooer\OneDrive\Desktop\IS708_Project Material\IS708_Project Material\IS708_API\train_data\train_data\Audio\1\1677932627557.wav,1
44,C:\Users\jooer\OneDrive\Desktop\IS708_Project Material\IS708_Project Material\IS708_API\train_data\train_data\Audio\1\1677932631197.wav,1
45,C:\Users\jooer\OneDrive\Desktop\IS708_Project Material\IS708_Project Material\IS708_API\train_data\train_data\Audio\1\1677932634773.wav,1
46,C:\Users\jooer\OneDrive\Desktop\IS708_Project Material\IS708_Project Material\IS708_API\train_data\train_data\Audio\1\1677932638425.wav,1
47,C:\Users\jooer\OneDrive\Desktop\IS708_Project Material\IS708_Project Material\IS708_API\train_data\train_data\Audio\1\1677932642130.wav,1
48,C:\Users\jooer\OneDrive\Desktop\IS708_Project Material\IS708_Project Material\IS708_API\train_data\train_data\Audio\1\1677932645720.wav,1
49,C:\Users\jooer\OneDrive\Desktop\IS708_Project Material\IS708_Project Material\IS708_API\train_data\train_data\Audio\1\1677932649367.wav,1
50,C:\Users\jooer\OneDrive\Desktop\IS708_Project Material\IS708_Project Material\IS708_API\train_data\train_data\Audio\1\1677932652893.wav,1
51,C:\Users\jooer\OneDrive\Desktop\IS708_Project Material\IS708_Project Material\IS708_API\train_data\train_data\Audio\1\1677932656393.wav,1
52,C:\Users\jooer\OneDrive\Desktop\IS708_Project Material\IS708_Project Material\IS708_API\train_data\train_data\Audio\1\1677932660000.wav,1
53,C:\Users\jooer\OneDrive\Desktop\IS708_Project Material\IS708_Project Material\IS708_API\train_data\train_data\Audio\1\1677932663783.wav,1
54,C:\Users\jooer\OneDrive\Desktop\IS708_Project Material\IS708_Project Material\IS708_API\train_data\train_data\Audio\1\1677932667363.wav,1
55,C:\Users\jooer\OneDrive\Desktop\IS708_Project Material\IS708_Project Material\IS708_API\train_data\train_data\Audio\1\1677932680308.wav,1
56,C:\Users\jooer\OneDrive\Desktop\IS708_Project Material\IS708_Project Material\IS708_API\train_data\train_data\Audio\1\1677932684065.wav,1
57,C:\Users\jooer\OneDrive\Desktop\IS708_Project Material\IS708_Project Material\IS708_API\train_data\train_data\Audio\1\1677932687687.wav,1
58,C:\Users\jooer\OneDrive\Desktop\IS708_Project Material\IS708_Project Material\IS708_API\train_data\train_data\Audio\1\1677932691332.wav,1
59,C:\Users\jooer\OneDrive\Desktop\IS708_Project Material\IS708_Project Material\IS708_API\train_data\train_data\Audio\1\1677932694896.wav,1
60,C:\Users\jooer\OneDrive\Desktop\IS708_Project Material\IS708_Project Material\IS708_API\train_data\train_data\Audio\1\1677932698533.wav,1
61,C:\Users\jooer\OneDrive\Desktop\IS708_Project Material\IS708_Project Material\IS708_API\train_data\train_data\Audio\1\1677932702080.wav,1
62,C:\Users\jooer\OneDrive\Desktop\IS708_Project Material\IS708_Project Material\IS708_API\train_data\train_data\Audio\1\1677932775631.wav,1
63,C:\Users\jooer\OneDrive\Desktop\IS708_Project Material\IS708_Project Material\IS708_API\train_data\train_data\Audio\1\1677932779363.wav,1
64,C:\Users\jooer\OneDrive\Desktop\IS708_Project Material\IS708_Project Material\IS708_API\train_data\train_data\Audio\1\1677932782981.wav,1
65,C:\Users\jooer\OneDrive\Desktop\IS708_Project Material\IS708_Project Material\IS708_API\train_data\train_data\Audio\1\1677932791792.wav,1
66,C:\Users\jooer\OneDrive\Desktop\IS708_Project Material\IS708_Project Material\IS708_API\train_data\train_data\Audio\1\1677932795344.wav,1
67,C:\Users\jooer\OneDrive\Desktop\IS708_Project Material\IS708_Project Material\IS708_API\train_data\train_data\Audio\1\1677932798942.wav,1
68,C:\Users\jooer\OneDrive\Desktop\IS708_Project Material\IS708_Project Material\IS708_API\train_data\train_data\Audio\1\1677932802565.wav,1
69,C:\Users\jooer\OneDrive\Desktop\IS708_Project Material\IS708_Project Material\IS708_API\train_data\train_data\Audio\1\1677932806143.wav,1
70,C:\Users\jooer\OneDrive\Desktop\IS708_Project Material\IS708_Project Material\IS708_API\train_data\train_data\Audio\1\1677932809765.wav,1
71,C:\Users\jooer\OneDrive\Desktop\IS708_Project Material\IS708_Project Material\IS708_API\train_data\train_data\Audio\1\1677932813350.wav,1
72,C:\Users\jooer\OneDrive\Desktop\IS708_Project Material\IS708_Project Material\IS708_API\train_data\train_data\Audio\1\1677932816922.wav,1
73,C:\Users\jooer\OneDrive\Desktop\IS708_Project Material\IS708_Project Material\IS708_API\train_data\train_data\Audio\1\1677932820529.wav,1
74,C:\Users\jooer\OneDrive\Desktop\IS708_Project Material\IS708_Project Material\IS708_API\train_data\train_data\Audio\1\1677932824032.wav,1
75,C:\Users\jooer\OneDrive\Desktop\IS708_Project Material\IS708_Project Material\IS708_API\train_data\train_data\Audio\1\1677932827585.wav,1
76,C:\Users\jooer\OneDrive\Desktop\IS708_Project Material\IS708_Project Material\IS708_API\train_data\train_data\Audio\1\1677932831215.wav,1
77,C:\Users\jooer\OneDrive\Desktop\IS708_Project Material\IS708_Project Material\IS708_API\train_data\train_data\Audio\1\1677932839399.wav,1
78,C:\Users\jooer\OneDrive\Desktop\IS708_Project Material\IS708_Project Material\IS708_API\train_data\train_data\Audio\1\1677932842977.wav,1
79,C:\Users\jooer\OneDrive\Desktop\IS708_Project Material\IS708_Project Material\IS708_API\train_data\train_data\Audio\1\1677932846614.wav,1
80,C:\Users\jooer\OneDrive\Desktop\IS708_Project Material\IS708_Project Material\IS708_API\train_data\train_data\Audio\1\1677932854270.wav,1
81,C:\Users\jooer\OneDrive\Desktop\IS708_Project Material\IS708_Project Material\IS708_API\train_data\train_data\Audio\1\1677932858019.wav,1
82,C:\Users\jooer\OneDrive\Desktop\IS708_Project Material\IS708_Project Material\IS708_API\train_data\train_data\Audio\1\1677932862077.wav,1
83,C:\Users\jooer\OneDrive\Desktop\IS708_Project Material\IS708_Project Material\IS708_API\train_data\train_data\Audio\1\1677932865732.wav,1
84,C:\Users\jooer\OneDrive\Desktop\IS708_Project Material\IS708_Project Material\IS708_API\train_data\train_data\Audio\1\1677932869257.wav,1
85,C:\Users\jooer\OneDrive\Desktop\IS708_Project Material\IS708_Project Material\IS708_API\train_data\train_data\Audio\1\1677932877648.wav,1
86,C:\Users\jooer\OneDrive\Desktop\IS708_Project Material\IS708_Project Material\IS708_API\train_data\train_data\Audio\1\1677932881268.wav,1
87,C:\Users\jooer\OneDrive\Desktop\IS708_Project Material\IS708_Project Material\IS708_API\train_data\train_data\Audio\1\1677932884846.wav,1
88,C:\Users\jooer\OneDrive\Desktop\IS708_Project Material\IS708_Project Material\IS708_API\train_data\train_data\Audio\1\1677932888571.wav,1
89,C:\Users\jooer\OneDrive\Desktop\IS708_Project Material\IS708_Project Material\IS708_API\train_data\train_data\Audio\1\1677932892248.wav,1
90,C:\Users\jooer\OneDrive\Desktop\IS708_Project Material\IS708_Project Material\IS708_API\train_data\train_data\Audio\1\1677932895803.wav,1
91,C:\Users\jooer\OneDrive\Desktop\IS708_Project Material\IS708_Project Material\IS708_API\train_data\train_data\Audio\1\1677932899380.wav,1
92,C:\Users\jooer\OneDrive\Desktop\IS708_Project Material\IS708_Project Material\IS708_API\train_data\train_data\Audio\1\1677932902986.wav,1
93,C:\Users\jooer\OneDrive\Desktop\IS708_Project Material\IS708_Project Material\IS708_API\train_data\train_data\Audio\1\1677932906596.wav,1
94,C:\Users\jooer\OneDrive\Desktop\IS708_Project Material\IS708_Project Material\IS708_API\train_data\train_data\Audio\1\1677932910159.wav,1
95,C:\Users\jooer\OneDrive\Desktop\IS708_Project Material\IS708_Project Material\IS708_API\train_data\train_data\Audio\1\1677932913740.wav,1
96,C:\Users\jooer\OneDrive\Desktop\IS708_Project Material\IS708_Project Material\IS708_API\train_data\train_data\Audio\1\1677932917352.wav,1
97,C:\Users\jooer\OneDrive\Desktop\IS708_Project Material\IS708_Project Material\IS708_API\train_data\train_data\Audio\1\1677932920881.wav,1
98,C:\Users\jooer\OneDrive\Desktop\IS708_Project Material\IS708_Project Material\IS708_API\train_data\train_data\Audio\1\1677932924448.wav,1
99,C:\Users\jooer\OneDrive\Desktop\IS708_Project Material\IS708_Project Material\IS708_API\train_data\train_data\Audio\1\1677932928183.wav,1
100,C:\Users\jooer\OneDrive\Desktop\IS708_Project Material\IS708_Project Material\IS708_API\train_data\train_data\Audio\2\1677933085421.wav,2
101,C:\Users\jooer\OneDrive\Desktop\IS708_Project Material\IS708_Project Material\IS708_API\train_data\train_data\Audio\2\1677933115037.wav,2
102,C:\Users\jooer\OneDrive\Desktop\IS708_Project Material\IS708_Project Material\IS708_API\train_data\train_data\Audio\2\1677933133198.wav,2
103,C:\Users\jooer\OneDrive\Desktop\IS708_Project Material\IS708_Project Material\IS708_API\train_data\train_data\Audio\2\1677933147982.wav,2
104,C:\Users\jooer\OneDrive\Desktop\IS708_Project Material\IS708_Project Material\IS708_API\train_data\train_data\Audio\2\1677933158728.wav,2
105,C:\Users\jooer\OneDrive\Desktop\IS708_Project Material\IS708_Project Material\IS708_API\train_data\train_data\Audio\2\1677933179540.wav,2
106,C:\Users\jooer\OneDrive\Desktop\IS708_Project Material\IS708_Project Material\IS708_API\train_data\train_data\Audio\2\1677933194427.wav,2
107,C:\Users\jooer\OneDrive\Desktop\IS708_Project Material\IS708_Project Material\IS708_API\train_data\train_data\Audio\2\1677933205467.wav,2
108,C:\Users\jooer\OneDrive\Desktop\IS708_Project Material\IS708_Project Material\IS708_API\train_data\train_data\Audio\2\1677933209601.wav,2
109,C:\Users\jooer\OneDrive\Desktop\IS708_Project Material\IS708_Project Material\IS708_API\train_data\train_data\Audio\2\1677933213576.wav,2
110,C:\Users\jooer\OneDrive\Desktop\IS708_Project Material\IS708_Project Material\IS708_API\train_data\train_data\Audio\2\1677933217731.wav,2
111,C:\Users\jooer\OneDrive\Desktop\IS708_Project Material\IS708_Project Material\IS708_API\train_data\train_data\Audio\2\1677933229657.wav,2
112,C:\Users\jooer\OneDrive\Desktop\IS708_Project Material\IS708_Project Material\IS708_API\train_data\train_data\Audio\2\1677933233791.wav,2
113,C:\Users\jooer\OneDrive\Desktop\IS708_Project Material\IS708_Project Material\IS708_API\train_data\train_data\Audio\2\1677933238299.wav,2
114,C:\Users\jooer\OneDrive\Desktop\IS708_Project Material\IS708_Project Material\IS708_API\train_data\train_data\Audio\2\1677933242376.wav,2
115,C:\Users\jooer\OneDrive\Desktop\IS708_Project Material\IS708_Project Material\IS708_API\train_data\train_data\Audio\2\1677933246260.wav,2
116,C:\Users\jooer\OneDrive\Desktop\IS708_Project Material\IS708_Project Material\IS708_API\train_data\train_data\Audio\2\1677933262240.wav,2
117,C:\Users\jooer\OneDrive\Desktop\IS708_Project Material\IS708_Project Material\IS708_API\train_data\train_data\Audio\2\1677933266022.wav,2
118,C:\Users\jooer\OneDrive\Desktop\IS708_Project Material\IS708_Project Material\IS708_API\train_data\train_data\Audio\2\1677933269835.wav,2
119,C:\Users\jooer\OneDrive\Desktop\IS708_Project Material\IS708_Project Material\IS708_API\train_data\train_data\Audio\2\1677933273570.wav,2
120,C:\Users\jooer\OneDrive\Desktop\IS708_Project Material\IS708_Project Material\IS708_API\train_data\train_data\Audio\2\1677941752126.wav,2
121,C:\Users\jooer\OneDrive\Desktop\IS708_Project Material\IS708_Project Material\IS708_API\train_data\train_data\Audio\2\1677941755894.wav,2
122,C:\Users\jooer\OneDrive\Desktop\IS708_Project Material\IS708_Project Material\IS708_API\train_data\train_data\Audio\2\1677941759442.wav,2
123,C:\Users\jooer\OneDrive\Desktop\IS708_Project Material\IS708_Project Material\IS708_API\train_data\train_data\Audio\2\1677941762974.wav,2
124,C:\Users\jooer\OneDrive\Desktop\IS708_Project Material\IS708_Project Material\IS708_API\train_data\train_data\Audio\2\1677941766519.wav,2
125,C:\Users\jooer\OneDrive\Desktop\IS708_Project Material\IS708_Project Material\IS708_API\train_data\train_data\Audio\2\1677941770101.wav,2
126,C:\Users\jooer\OneDrive\Desktop\IS708_Project Material\IS708_Project Material\IS708_API\train_data\train_data\Audio\2\1677941773708.wav,2
127,C:\Users\jooer\OneDrive\Desktop\IS708_Project Material\IS708_Project Material\IS708_API\train_data\train_data\Audio\2\1677941777395.wav,2
128,C:\Users\jooer\OneDrive\Desktop\IS708_Project Material\IS708_Project Material\IS708_API\train_data\train_data\Audio\2\1677941781005.wav,2
129,C:\Users\jooer\OneDrive\Desktop\IS708_Project Material\IS708_Project Material\IS708_API\train_data\train_data\Audio\2\1677941784902.wav,2
130,C:\Users\jooer\OneDrive\Desktop\IS708_Project Material\IS708_Project Material\IS708_API\train_data\train_data\Audio\2\1677941788617.wav,2
131,C:\Users\jooer\OneDrive\Desktop\IS708_Project Material\IS708_Project Material\IS708_API\train_data\train_data\Audio\2\1677941792488.wav,2
132,C:\Users\jooer\OneDrive\Desktop\IS708_Project Material\IS708_Project Material\IS708_API\train_data\train_data\Audio\2\1677941796237.wav,2
133,C:\Users\jooer\OneDrive\Desktop\IS708_Project Material\IS708_Project Material\IS708_API\train_data\train_data\Audio\2\1677941799931.wav,2
134,C:\Users\jooer\OneDrive\Desktop\IS708_Project Material\IS708_Project Material\IS708_API\train_data\train_data\Audio\2\1677941803631.wav,2
135,C:\Users\jooer\OneDrive\Desktop\IS708_Project Material\IS708_Project Material\IS708_API\train_data\train_data\Audio\2\1677941807629.wav,2
136,C:\Users\jooer\OneDrive\Desktop\IS708_Project Material\IS708_Project Material\IS708_API\train_data\train_data\Audio\2\1677941811693.wav,2
137,C:\Users\jooer\OneDrive\Desktop\IS708_Project Material\IS708_Project Material\IS708_API\train_data\train_data\Audio\2\1677941815856.wav,2
138,C:\Users\jooer\OneDrive\Desktop\IS708_Project Material\IS708_Project Material\IS708_API\train_data\train_data\Audio\2\1677941820007.wav,2
139,C:\Users\jooer\OneDrive\Desktop\IS708_Project Material\IS708_Project Material\IS708_API\train_data\train_data\Audio\2\1677941824342.wav,2
140,C:\Users\jooer\OneDrive\Desktop\IS708_Project Material\IS708_Project Material\IS708_API\train_data\train_data\Audio\2\1677941828713.wav,2
141,C:\Users\jooer\OneDrive\Desktop\IS708_Project Material\IS708_Project Material\IS708_API\train_data\train_data\Audio\2\1677941832901.wav,2
142,C:\Users\jooer\OneDrive\Desktop\IS708_Project Material\IS708_Project Material\IS708_API\train_data\train_data\Audio\2\1677941836875.wav,2
143,C:\Users\jooer\OneDrive\Desktop\IS708_Project Material\IS708_Project Material\IS708_API\train_data\train_data\Audio\2\1677941840608.wav,2
144,C:\Users\jooer\OneDrive\Desktop\IS708_Project Material\IS708_Project Material\IS708_API\train_data\train_data\Audio\2\1677941844659.wav,2
145,C:\Users\jooer\OneDrive\Desktop\IS708_Project Material\IS708_Project Material\IS708_API\train_data\train_data\Audio\2\1677941857761.wav,2
146,C:\Users\jooer\OneDrive\Desktop\IS708_Project Material\IS708_Project Material\IS708_API\train_data\train_data\Audio\2\1677941861537.wav,2
147,C:\Users\jooer\OneDrive\Desktop\IS708_Project Material\IS708_Project Material\IS708_API\train_data\train_data\Audio\2\1677941865156.wav,2
148,C:\Users\jooer\OneDrive\Desktop\IS708_Project Material\IS708_Project Material\IS708_API\train_data\train_data\Audio\2\1677941868748.wav,2
149,C:\Users\jooer\OneDrive\Desktop\IS708_Project Material\IS708_Project Material\IS708_API\train_data\train_data\Audio\2\1677941872920.wav,2
150,C:\Users\jooer\OneDrive\Desktop\IS708_Project Material\IS708_Project Material\IS708_API\train_data\train_data\Audio\2\1677942003519.wav,2
151,C:\Users\jooer\OneDrive\Desktop\IS708_Project Material\IS708_Project Material\IS708_API\train_data\train_data\Audio\2\1677942009226.wav,2
152,C:\Users\jooer\OneDrive\Desktop\IS708_Project Material\IS708_Project Material\IS708_API\train_data\train_data\Audio\2\1677942013940.wav,2
153,C:\Users\jooer\OneDrive\Desktop\IS708_Project Material\IS708_Project Material\IS708_API\train_data\train_data\Audio\2\1677942020976.wav,2
154,C:\Users\jooer\OneDrive\Desktop\IS708_Project Material\IS708_Project Material\IS708_API\train_data\train_data\Audio\2\1677942026322.wav,2
155,C:\Users\jooer\OneDrive\Desktop\IS708_Project Material\IS708_Project Material\IS708_API\train_data\train_data\Audio\2\1677942037436.wav,2
156,C:\Users\jooer\OneDrive\Desktop\IS708_Project Material\IS708_Project Material\IS708_API\train_data\train_data\Audio\2\1677942048923.wav,2
157,C:\Users\jooer\OneDrive\Desktop\IS708_Project Material\IS708_Project Material\IS708_API\train_data\train_data\Audio\2\1677942092611.wav,2
158,C:\Users\jooer\OneDrive\Desktop\IS708_Project Material\IS708_Project Material\IS708_API\train_data\train_data\Audio\2\1677942096609.wav,2
159,C:\Users\jooer\OneDrive\Desktop\IS708_Project Material\IS708_Project Material\IS708_API\train_data\train_data\Audio\2\1677942100417.wav,2
160,C:\Users\jooer\OneDrive\Desktop\IS708_Project Material\IS708_Project Material\IS708_API\train_data\train_data\Audio\2\1677942104243.wav,2
161,C:\Users\jooer\OneDrive\Desktop\IS708_Project Material\IS708_Project Material\IS708_API\train_data\train_data\Audio\2\1677942108279.wav,2
162,C:\Users\jooer\OneDrive\Desktop\IS708_Project Material\IS708_Project Material\IS708_API\train_data\train_data\Audio\2\1677942112081.wav,2
163,C:\Users\jooer\OneDrive\Desktop\IS708_Project Material\IS708_Project Material\IS708_API\train_data\train_data\Audio\2\1677942115756.wav,2
164,C:\Users\jooer\OneDrive\Desktop\IS708_Project Material\IS708_Project Material\IS708_API\train_data\train_data\Audio\2\1677943724554.wav,2
165,C:\Users\jooer\OneDrive\Desktop\IS708_Project Material\IS708_Project Material\IS708_API\train_data\train_data\Audio\2\1677943802747.wav,2
166,C:\Users\jooer\OneDrive\Desktop\IS708_Project Material\IS708_Project Material\IS708_API\train_data\train_data\Audio\2\1677943806790.wav,2
167,C:\Users\jooer\OneDrive\Desktop\IS708_Project Material\IS708_Project Material\IS708_API\train_data\train_data\Audio\2\1677943810895.wav,2
168,C:\Users\jooer\OneDrive\Desktop\IS708_Project Material\IS708_Project Material\IS708_API\train_data\train_data\Audio\2\1677943815006.wav,2
169,C:\Users\jooer\OneDrive\Desktop\IS708_Project Material\IS708_Project Material\IS708_API\train_data\train_data\Audio\2\1677943818969.wav,2
170,C:\Users\jooer\OneDrive\Desktop\IS708_Project Material\IS708_Project Material\IS708_API\train_data\train_data\Audio\2\1677943823630.wav,2
171,C:\Users\jooer\OneDrive\Desktop\IS708_Project Material\IS708_Project Material\IS708_API\train_data\train_data\Audio\2\1677943827946.wav,2
172,C:\Users\jooer\OneDrive\Desktop\IS708_Project Material\IS708_Project Material\IS708_API\train_data\train_data\Audio\2\1677943833958.wav,2
173,C:\Users\jooer\OneDrive\Desktop\IS708_Project Material\IS708_Project Material\IS708_API\train_data\train_data\Audio\2\1677943857660.wav,2
174,C:\Users\jooer\OneDrive\Desktop\IS708_Project Material\IS708_Project Material\IS708_API\train_data\train_data\Audio\2\1677943861252.wav,2
175,C:\Users\jooer\OneDrive\Desktop\IS708_Project Material\IS708_Project Material\IS708_API\train_data\train_data\Audio\2\1677943866189.wav,2
176,C:\Users\jooer\OneDrive\Desktop\IS708_Project Material\IS708_Project Material\IS708_API\train_data\train_data\Audio\2\1677943870228.wav,2
177,C:\Users\jooer\OneDrive\Desktop\IS708_Project Material\IS708_Project Material\IS708_API\train_data\train_data\Audio\2\1677943874159.wav,2
178,C:\Users\jooer\OneDrive\Desktop\IS708_Project Material\IS708_Project Material\IS708_API\train_data\train_data\Audio\2\1677943878625.wav,2
179,C:\Users\jooer\OneDrive\Desktop\IS708_Project Material\IS708_Project Material\IS708_API\train_data\train_data\Audio\2\1677943938231.wav,2
180,C:\Users\jooer\OneDrive\Desktop\IS708_Project Material\IS708_Project Material\IS708_API\train_data\train_data\Audio\2\1677943941949.wav,2
181,C:\Users\jooer\OneDrive\Desktop\IS708_Project Material\IS708_Project Material\IS708_API\train_data\train_data\Audio\2\1677943955109.wav,2
182,C:\Users\jooer\OneDrive\Desktop\IS708_Project Material\IS708_Project Material\IS708_API\train_data\train_data\Audio\2\1677943959345.wav,2
183,C:\Users\jooer\OneDrive\Desktop\IS708_Project Material\IS708_Project Material\IS708_API\train_data\train_data\Audio\2\1677943963305.wav,2
184,C:\Users\jooer\OneDrive\Desktop\IS708_Project Material\IS708_Project Material\IS708_API\train_data\train_data\Audio\2\1677943968072.wav,2
185,C:\Users\jooer\OneDrive\Desktop\IS708_Project Material\IS708_Project Material\IS708_API\train_data\train_data\Audio\2\1677943974636.wav,2
186,C:\Users\jooer\OneDrive\Desktop\IS708_Project Material\IS708_Project Material\IS708_API\train_data\train_data\Audio\2\1677943978748.wav,2
187,C:\Users\jooer\OneDrive\Desktop\IS708_Project Material\IS708_Project Material\IS708_API\train_data\train_data\Audio\2\1677943982552.wav,2
188,C:\Users\jooer\OneDrive\Desktop\IS708_Project Material\IS708_Project Material\IS708_API\train_data\train_data\Audio\2\1677943986346.wav,2
189,C:\Users\jooer\OneDrive\Desktop\IS708_Project Material\IS708_Project Material\IS708_API\train_data\train_data\Audio\2\1677943989959.wav,2
190,C:\Users\jooer\OneDrive\Desktop\IS708_Project Material\IS708_Project Material\IS708_API\train_data\train_data\Audio\2\1677943993415.wav,2
191,C:\Users\jooer\OneDrive\Desktop\IS708_Project Material\IS708_Project Material\IS708_API\train_data\train_data\Audio\2\1677944006052.wav,2
192,C:\Users\jooer\OneDrive\Desktop\IS708_Project Material\IS708_Project Material\IS708_API\train_data\train_data\Audio\2\1677944009780.wav,2
193,C:\Users\jooer\OneDrive\Desktop\IS708_Project Material\IS708_Project Material\IS708_API\train_data\train_data\Audio\2\1677944013984.wav,2
194,C:\Users\jooer\OneDrive\Desktop\IS708_Project Material\IS708_Project Material\IS708_API\train_data\train_data\Audio\2\1677944068319.wav,2
195,C:\Users\jooer\OneDrive\Desktop\IS708_Project Material\IS708_Project Material\IS708_API\train_data\train_data\Audio\2\1677944073855.wav,2
196,C:\Users\jooer\OneDrive\Desktop\IS708_Project Material\IS708_Project Material\IS708_API\train_data\train_data\Audio\2\1677944083369.wav,2
197,C:\Users\jooer\OneDrive\Desktop\IS708_Project Material\IS708_Project Material\IS708_API\train_data\train_data\Audio\2\1677944105194.wav,2
198,C:\Users\jooer\OneDrive\Desktop\IS708_Project Material\IS708_Project Material\IS708_API\train_data\train_data\Audio\2\1677944108789.wav,2
199,C:\Users\jooer\OneDrive\Desktop\IS708_Project Material\IS708_Project Material\IS708_API\train_data\train_data\Audio\2\1677944112491.wav,2
200,C:\Users\jooer\OneDrive\Desktop\IS708_Project Material\IS708_Project Material\IS708_API\train_data\train_data\Audio\3\1678424016787.wav,3
201,C:\Users\jooer\OneDrive\Desktop\IS708_Project Material\IS708_Project Material\IS708_API\train_data\train_data\Audio\3\1678424021120.wav,3
202,C:\Users\jooer\OneDrive\Desktop\IS708_Project Material\IS708_Project Material\IS708_API\train_data\train_data\Audio\3\1678424038743.wav,3
203,C:\Users\jooer\OneDrive\Desktop\IS708_Project Material\IS708_Project Material\IS708_API\train_data\train_data\Audio\3\1678424043176.wav,3
204,C:\Users\jooer\OneDrive\Desktop\IS708_Project Material\IS708_Project Material\IS708_API\train_data\train_data\Audio\3\1678424047705.wav,3
205,C:\Users\jooer\OneDrive\Desktop\IS708_Project Material\IS708_Project Material\IS708_API\train_data\train_data\Audio\3\1678424051997.wav,3
206,C:\Users\jooer\OneDrive\Desktop\IS708_Project Material\IS708_Project Material\IS708_API\train_data\train_data\Audio\3\1678424056270.wav,3
207,C:\Users\jooer\OneDrive\Desktop\IS708_Project Material\IS708_Project Material\IS708_API\train_data\train_data\Audio\3\1678424060232.wav,3
208,C:\Users\jooer\OneDrive\Desktop\IS708_Project Material\IS708_Project Material\IS708_API\train_data\train_data\Audio\3\1678424064133.wav,3
209,C:\Users\jooer\OneDrive\Desktop\IS708_Project Material\IS708_Project Material\IS708_API\train_data\train_data\Audio\3\1678424068096.wav,3
210,C:\Users\jooer\OneDrive\Desktop\IS708_Project Material\IS708_Project Material\IS708_API\train_data\train_data\Audio\3\1678424071998.wav,3
211,C:\Users\jooer\OneDrive\Desktop\IS708_Project Material\IS708_Project Material\IS708_API\train_data\train_data\Audio\3\1678424076263.wav,3
212,C:\Users\jooer\OneDrive\Desktop\IS708_Project Material\IS708_Project Material\IS708_API\train_data\train_data\Audio\3\1678424080181.wav,3
213,C:\Users\jooer\OneDrive\Desktop\IS708_Project Material\IS708_Project Material\IS708_API\train_data\train_data\Audio\3\1678424083943.wav,3
214,C:\Users\jooer\OneDrive\Desktop\IS708_Project Material\IS708_Project Material\IS708_API\train_data\train_data\Audio\3\1678424087788.wav,3
215,C:\Users\jooer\OneDrive\Desktop\IS708_Project Material\IS708_Project Material\IS708_API\train_data\train_data\Audio\3\1678424091634.wav,3
216,C:\Users\jooer\OneDrive\Desktop\IS708_Project Material\IS708_Project Material\IS708_API\train_data\train_data\Audio\3\1678424095452.wav,3
217,C:\Users\jooer\OneDrive\Desktop\IS708_Project Material\IS708_Project Material\IS708_API\train_data\train_data\Audio\3\1678424099171.wav,3
218,C:\Users\jooer\OneDrive\Desktop\IS708_Project Material\IS708_Project Material\IS708_API\train_data\train_data\Audio\3\1678424103031.wav,3
219,C:\Users\jooer\OneDrive\Desktop\IS708_Project Material\IS708_Project Material\IS708_API\train_data\train_data\Audio\3\1678424106795.wav,3
220,C:\Users\jooer\OneDrive\Desktop\IS708_Project Material\IS708_Project Material\IS708_API\train_data\train_data\Audio\3\1678424110486.wav,3
221,C:\Users\jooer\OneDrive\Desktop\IS708_Project Material\IS708_Project Material\IS708_API\train_data\train_data\Audio\3\1678424114206.wav,3
222,C:\Users\jooer\OneDrive\Desktop\IS708_Project Material\IS708_Project Material\IS708_API\train_data\train_data\Audio\3\1678424117920.wav,3
223,C:\Users\jooer\OneDrive\Desktop\IS708_Project Material\IS708_Project Material\IS708_API\train_data\train_data\Audio\3\1678424121639.wav,3
224,C:\Users\jooer\OneDrive\Desktop\IS708_Project Material\IS708_Project Material\IS708_API\train_data\train_data\Audio\3\1678424125523.wav,3
225,C:\Users\jooer\OneDrive\Desktop\IS708_Project Material\IS708_Project Material\IS708_API\train_data\train_data\Audio\3\1678424129238.wav,3
226,C:\Users\jooer\OneDrive\Desktop\IS708_Project Material\IS708_Project Material\IS708_API\train_data\train_data\Audio\3\1678424133171.wav,3
227,C:\Users\jooer\OneDrive\Desktop\IS708_Project Material\IS708_Project Material\IS708_API\train_data\train_data\Audio\3\1678424136987.wav,3
228,C:\Users\jooer\OneDrive\Desktop\IS708_Project Material\IS708_Project Material\IS708_API\train_data\train_data\Audio\3\1678424140915.wav,3
229,C:\Users\jooer\OneDrive\Desktop\IS708_Project Material\IS708_Project Material\IS708_API\train_data\train_data\Audio\3\1678424144825.wav,3
230,C:\Users\jooer\OneDrive\Desktop\IS708_Project Material\IS708_Project Material\IS708_API\train_data\train_data\Audio\3\1678424148676.wav,3
231,C:\Users\jooer\OneDrive\Desktop\IS708_Project Material\IS708_Project Material\IS708_API\train_data\train_data\Audio\3\1678424153581.wav,3
232,C:\Users\jooer\OneDrive\Desktop\IS708_Project Material\IS708_Project Material\IS708_API\train_data\train_data\Audio\3\1678424157400.wav,3
233,C:\Users\jooer\OneDrive\Desktop\IS708_Project Material\IS708_Project Material\IS708_API\train_data\train_data\Audio\3\1678424161255.wav,3
234,C:\Users\jooer\OneDrive\Desktop\IS708_Project Material\IS708_Project Material\IS708_API\train_data\train_data\Audio\3\1678424165159.wav,3
235,C:\Users\jooer\OneDrive\Desktop\IS708_Project Material\IS708_Project Material\IS708_API\train_data\train_data\Audio\3\1678424169308.wav,3
236,C:\Users\jooer\OneDrive\Desktop\IS708_Project Material\IS708_Project Material\IS708_API\train_data\train_data\Audio\3\1678424173172.wav,3
237,C:\Users\jooer\OneDrive\Desktop\IS708_Project Material\IS708_Project Material\IS708_API\train_data\train_data\Audio\3\1678424177139.wav,3
238,C:\Users\jooer\OneDrive\Desktop\IS708_Project Material\IS708_Project Material\IS708_API\train_data\train_data\Audio\3\1678424180947.wav,3
239,C:\Users\jooer\OneDrive\Desktop\IS708_Project Material\IS708_Project Material\IS708_API\train_data\train_data\Audio\3\1678424184690.wav,3
240,C:\Users\jooer\OneDrive\Desktop\IS708_Project Material\IS708_Project Material\IS708_API\train_data\train_data\Audio\3\1678424188485.wav,3
241,C:\Users\jooer\OneDrive\Desktop\IS708_Project Material\IS708_Project Material\IS708_API\train_data\train_data\Audio\3\1678424192332.wav,3
242,C:\Users\jooer\OneDrive\Desktop\IS708_Project Material\IS708_Project Material\IS708_API\train_data\train_data\Audio\3\1678424196017.wav,3
243,C:\Users\jooer\OneDrive\Desktop\IS708_Project Material\IS708_Project Material\IS708_API\train_data\train_data\Audio\3\1678424199730.wav,3
244,C:\Users\jooer\OneDrive\Desktop\IS708_Project Material\IS708_Project Material\IS708_API\train_data\train_data\Audio\3\1678424206076.wav,3
245,C:\Users\jooer\OneDrive\Desktop\IS708_Project Material\IS708_Project Material\IS708_API\train_data\train_data\Audio\3\1678424209913.wav,3
246,C:\Users\jooer\OneDrive\Desktop\IS708_Project Material\IS708_Project Material\IS708_API\train_data\train_data\Audio\3\1678424213845.wav,3
247,C:\Users\jooer\OneDrive\Desktop\IS708_Project Material\IS708_Project Material\IS708_API\train_data\train_data\Audio\3\1678424218091.wav,3
248,C:\Users\jooer\OneDrive\Desktop\IS708_Project Material\IS708_Project Material\IS708_API\train_data\train_data\Audio\3\1678424221949.wav,3
249,C:\Users\jooer\OneDrive\Desktop\IS708_Project Material\IS708_Project Material\IS708_API\train_data\train_data\Audio\3\1678424226047.wav,3
250,C:\Users\jooer\OneDrive\Desktop\IS708_Project Material\IS708_Project Material\IS708_API\train_data\train_data\Audio\3\1678424230009.wav,3
251,C:\Users\jooer\OneDrive\Desktop\IS708_Project Material\IS708_Project Material\IS708_API\train_data\train_data\Audio\3\1678424233996.wav,3
252,C:\Users\jooer\OneDrive\Desktop\IS708_Project Material\IS708_Project Material\IS708_API\train_data\train_data\Audio\3\1678424237852.wav,3
253,C:\Users\jooer\OneDrive\Desktop\IS708_Project Material\IS708_Project Material\IS708_API\train_data\train_data\Audio\3\1678424242258.wav,3
254,C:\Users\jooer\OneDrive\Desktop\IS708_Project Material\IS708_Project Material\IS708_API\train_data\train_data\Audio\3\1678424246259.wav,3
255,C:\Users\jooer\OneDrive\Desktop\IS708_Project Material\IS708_Project Material\IS708_API\train_data\train_data\Audio\3\1678424250001.wav,3
256,C:\Users\jooer\OneDrive\Desktop\IS708_Project Material\IS708_Project Material\IS708_API\train_data\train_data\Audio\3\1678424253820.wav,3
257,C:\Users\jooer\OneDrive\Desktop\IS708_Project Material\IS708_Project Material\IS708_API\train_data\train_data\Audio\3\1678424257926.wav,3
258,C:\Users\jooer\OneDrive\Desktop\IS708_Project Material\IS708_Project Material\IS708_API\train_data\train_data\Audio\3\1678424261698.wav,3
259,C:\Users\jooer\OneDrive\Desktop\IS708_Project Material\IS708_Project Material\IS708_API\train_data\train_data\Audio\3\1678424265603.wav,3
260,C:\Users\jooer\OneDrive\Desktop\IS708_Project Material\IS708_Project Material\IS708_API\train_data\train_data\Audio\3\1678424269605.wav,3
261,C:\Users\jooer\OneDrive\Desktop\IS708_Project Material\IS708_Project Material\IS708_API\train_data\train_data\Audio\3\1678424273363.wav,3
262,C:\Users\jooer\OneDrive\Desktop\IS708_Project Material\IS708_Project Material\IS708_API\train_data\train_data\Audio\3\1678424277131.wav,3
263,C:\Users\jooer\OneDrive\Desktop\IS708_Project Material\IS708_Project Material\IS708_API\train_data\train_data\Audio\3\1678424281056.wav,3
264,C:\Users\jooer\OneDrive\Desktop\IS708_Project Material\IS708_Project Material\IS708_API\train_data\train_data\Audio\3\1678424285244.wav,3
265,C:\Users\jooer\OneDrive\Desktop\IS708_Project Material\IS708_Project Material\IS708_API\train_data\train_data\Audio\3\1678424289149.wav,3
266,C:\Users\jooer\OneDrive\Desktop\IS708_Project Material\IS708_Project Material\IS708_API\train_data\train_data\Audio\3\1678424293336.wav,3
267,C:\Users\jooer\OneDrive\Desktop\IS708_Project Material\IS708_Project Material\IS708_API\train_data\train_data\Audio\3\1678424297095.wav,3
268,C:\Users\jooer\OneDrive\Desktop\IS708_Project Material\IS708_Project Material\IS708_API\train_data\train_data\Audio\3\1678424300748.wav,3
269,C:\Users\jooer\OneDrive\Desktop\IS708_Project Material\IS708_Project Material\IS708_API\train_data\train_data\Audio\3\1678424304544.wav,3
270,C:\Users\jooer\OneDrive\Desktop\IS708_Project Material\IS708_Project Material\IS708_API\train_data\train_data\Audio\3\1678424308254.wav,3
271,C:\Users\jooer\OneDrive\Desktop\IS708_Project Material\IS708_Project Material\IS708_API\train_data\train_data\Audio\3\1678424311894.wav,3
272,C:\Users\jooer\OneDrive\Desktop\IS708_Project Material\IS708_Project Material\IS708_API\train_data\train_data\Audio\3\1678424315408.wav,3
273,C:\Users\jooer\OneDrive\Desktop\IS708_Project Material\IS708_Project Material\IS708_API\train_data\train_data\Audio\3\1678424319431.wav,3
274,C:\Users\jooer\OneDrive\Desktop\IS708_Project Material\IS708_Project Material\IS708_API\train_data\train_data\Audio\3\1678424323507.wav,3
275,C:\Users\jooer\OneDrive\Desktop\IS708_Project Material\IS708_Project Material\IS708_API\train_data\train_data\Audio\3\1678424327251.wav,3
276,C:\Users\jooer\OneDrive\Desktop\IS708_Project Material\IS708_Project Material\IS708_API\train_data\train_data\Audio\3\1678424331140.wav,3
277,C:\Users\jooer\OneDrive\Desktop\IS708_Project Material\IS708_Project Material\IS708_API\train_data\train_data\Audio\3\1678424335022.wav,3
278,C:\Users\jooer\OneDrive\Desktop\IS708_Project Material\IS708_Project Material\IS708_API\train_data\train_data\Audio\3\1678424340304.wav,3
279,C:\Users\jooer\OneDrive\Desktop\IS708_Project Material\IS708_Project Material\IS708_API\train_data\train_data\Audio\3\1678424344510.wav,3
280,C:\Users\jooer\OneDrive\Desktop\IS708_Project Material\IS708_Project Material\IS708_API\train_data\train_data\Audio\3\1678424348371.wav,3
281,C:\Users\jooer\OneDrive\Desktop\IS708_Project Material\IS708_Project Material\IS708_API\train_data\train_data\Audio\3\1678424352511.wav,3
282,C:\Users\jooer\OneDrive\Desktop\IS708_Project Material\IS708_Project Material\IS708_API\train_data\train_data\Audio\3\1678424356305.wav,3
283,C:\Users\jooer\OneDrive\Desktop\IS708_Project Material\IS708_Project Material\IS708_API\train_data\train_data\Audio\3\1678424360136.wav,3
284,C:\Users\jooer\OneDrive\Desktop\IS708_Project Material\IS708_Project Material\IS708_API\train_data\train_data\Audio\3\1678424364218.wav,3
285,C:\Users\jooer\OneDrive\Desktop\IS708_Project Material\IS708_Project Material\IS708_API\train_data\train_data\Audio\3\1678424368344.wav,3
286,C:\Users\jooer\OneDrive\Desktop\IS708_Project Material\IS708_Project Material\IS708_API\train_data\train_data\Audio\3\1678424372112.wav,3
287,C:\Users\jooer\OneDrive\Desktop\IS708_Project Material\IS708_Project Material\IS708_API\train_data\train_data\Audio\3\1678424375815.wav,3
288,C:\Users\jooer\OneDrive\Desktop\IS708_Project Material\IS708_Project Material\IS708_API\train_data\train_data\Audio\3\1678424379545.wav,3
289,C:\Users\jooer\OneDrive\Desktop\IS708_Project Material\IS708_Project Material\IS708_API\train_data\train_data\Audio\3\1678424383390.wav,3
290,C:\Users\jooer\OneDrive\Desktop\IS708_Project Material\IS708_Project Material\IS708_API\train_data\train_data\Audio\3\1678424387244.wav,3
291,C:\Users\jooer\OneDrive\Desktop\IS708_Project Material\IS708_Project Material\IS708_API\train_data\train_data\Audio\3\1678424390930.wav,3
292,C:\Users\jooer\OneDrive\Desktop\IS708_Project Material\IS708_Project Material\IS708_API\train_data\train_data\Audio\3\1678424394773.wav,3
293,C:\Users\jooer\OneDrive\Desktop\IS708_Project Material\IS708_Project Material\IS708_API\train_data\train_data\Audio\3\1678424398678.wav,3
294,C:\Users\jooer\OneDrive\Desktop\IS708_Project Material\IS708_Project Material\IS708_API\train_data\train_data\Audio\3\1678424402559.wav,3
295,C:\Users\jooer\OneDrive\Desktop\IS708_Project Material\IS708_Project Material\IS708_API\train_data\train_data\Audio\3\1678424406228.wav,3
296,C:\Users\jooer\OneDrive\Desktop\IS708_Project Material\IS708_Project Material\IS708_API\train_data\train_data\Audio\3\1678424409986.wav,3
297,C:\Users\jooer\OneDrive\Desktop\IS708_Project Material\IS708_Project Material\IS708_API\train_data\train_data\Audio\3\1678424414060.wav,3
298,C:\Users\jooer\OneDrive\Desktop\IS708_Project Material\IS708_Project Material\IS708_API\train_data\train_data\Audio\3\1678424417832.wav,3
299,C:\Users\jooer\OneDrive\Desktop\IS708_Project Material\IS708_Project Material\IS708_API\train_data\train_data\Audio\3\1678424421654.wav,3
300,C:\Users\jooer\OneDrive\Desktop\IS708_Project Material\IS708_Project Material\IS708_API\train_data\train_data\Audio\4\1678429623504.wav,4
301,C:\Users\jooer\OneDrive\Desktop\IS708_Project Material\IS708_Project Material\IS708_API\train_data\train_data\Audio\4\1678429627668.wav,4
302,C:\Users\jooer\OneDrive\Desktop\IS708_Project Material\IS708_Project Material\IS708_API\train_data\train_data\Audio\4\1678429631846.wav,4
303,C:\Users\jooer\OneDrive\Desktop\IS708_Project Material\IS708_Project Material\IS708_API\train_data\train_data\Audio\4\1678429635649.wav,4
304,C:\Users\jooer\OneDrive\Desktop\IS708_Project Material\IS708_Project Material\IS708_API\train_data\train_data\Audio\4\1678429639697.wav,4
305,C:\Users\jooer\OneDrive\Desktop\IS708_Project Material\IS708_Project Material\IS708_API\train_data\train_data\Audio\4\1678429643665.wav,4
306,C:\Users\jooer\OneDrive\Desktop\IS708_Project Material\IS708_Project Material\IS708_API\train_data\train_data\Audio\4\1678429647979.wav,4
307,C:\Users\jooer\OneDrive\Desktop\IS708_Project Material\IS708_Project Material\IS708_API\train_data\train_data\Audio\4\1678429652347.wav,4
308,C:\Users\jooer\OneDrive\Desktop\IS708_Project Material\IS708_Project Material\IS708_API\train_data\train_data\Audio\4\1678429656280.wav,4
309,C:\Users\jooer\OneDrive\Desktop\IS708_Project Material\IS708_Project Material\IS708_API\train_data\train_data\Audio\4\1678429660288.wav,4
310,C:\Users\jooer\OneDrive\Desktop\IS708_Project Material\IS708_Project Material\IS708_API\train_data\train_data\Audio\4\1678429664466.wav,4
311,C:\Users\jooer\OneDrive\Desktop\IS708_Project Material\IS708_Project Material\IS708_API\train_data\train_data\Audio\4\1678429669187.wav,4
312,C:\Users\jooer\OneDrive\Desktop\IS708_Project Material\IS708_Project Material\IS708_API\train_data\train_data\Audio\4\1678429673311.wav,4
313,C:\Users\jooer\OneDrive\Desktop\IS708_Project Material\IS708_Project Material\IS708_API\train_data\train_data\Audio\4\1678429681396.wav,4
314,C:\Users\jooer\OneDrive\Desktop\IS708_Project Material\IS708_Project Material\IS708_API\train_data\train_data\Audio\4\1678429685291.wav,4
315,C:\Users\jooer\OneDrive\Desktop\IS708_Project Material\IS708_Project Material\IS708_API\train_data\train_data\Audio\4\1678429689376.wav,4
316,C:\Users\jooer\OneDrive\Desktop\IS708_Project Material\IS708_Project Material\IS708_API\train_data\train_data\Audio\4\1678429693481.wav,4
317,C:\Users\jooer\OneDrive\Desktop\IS708_Project Material\IS708_Project Material\IS708_API\train_data\train_data\Audio\4\1678429697623.wav,4
318,C:\Users\jooer\OneDrive\Desktop\IS708_Project Material\IS708_Project Material\IS708_API\train_data\train_data\Audio\4\1678429701530.wav,4
319,C:\Users\jooer\OneDrive\Desktop\IS708_Project Material\IS708_Project Material\IS708_API\train_data\train_data\Audio\4\1678429705400.wav,4
320,C:\Users\jooer\OneDrive\Desktop\IS708_Project Material\IS708_Project Material\IS708_API\train_data\train_data\Audio\4\1678429709321.wav,4
321,C:\Users\jooer\OneDrive\Desktop\IS708_Project Material\IS708_Project Material\IS708_API\train_data\train_data\Audio\4\1678429713274.wav,4
322,C:\Users\jooer\OneDrive\Desktop\IS708_Project Material\IS708_Project Material\IS708_API\train_data\train_data\Audio\4\1678429717321.wav,4
323,C:\Users\jooer\OneDrive\Desktop\IS708_Project Material\IS708_Project Material\IS708_API\train_data\train_data\Audio\4\1678429721174.wav,4
324,C:\Users\jooer\OneDrive\Desktop\IS708_Project Material\IS708_Project Material\IS708_API\train_data\train_data\Audio\4\1678429725022.wav,4
325,C:\Users\jooer\OneDrive\Desktop\IS708_Project Material\IS708_Project Material\IS708_API\train_data\train_data\Audio\4\1678429728909.wav,4
326,C:\Users\jooer\OneDrive\Desktop\IS708_Project Material\IS708_Project Material\IS708_API\train_data\train_data\Audio\4\1678429739739.wav,4
327,C:\Users\jooer\OneDrive\Desktop\IS708_Project Material\IS708_Project Material\IS708_API\train_data\train_data\Audio\4\1678429743637.wav,4
328,C:\Users\jooer\OneDrive\Desktop\IS708_Project Material\IS708_Project Material\IS708_API\train_data\train_data\Audio\4\1678429747936.wav,4
329,C:\Users\jooer\OneDrive\Desktop\IS708_Project Material\IS708_Project Material\IS708_API\train_data\train_data\Audio\4\1678429752127.wav,4
330,C:\Users\jooer\OneDrive\Desktop\IS708_Project Material\IS708_Project Material\IS708_API\train_data\train_data\Audio\4\1678429756043.wav,4
331,C:\Users\jooer\OneDrive\Desktop\IS708_Project Material\IS708_Project Material\IS708_API\train_data\train_data\Audio\4\1678429759962.wav,4
332,C:\Users\jooer\OneDrive\Desktop\IS708_Project Material\IS708_Project Material\IS708_API\train_data\train_data\Audio\4\1678429763936.wav,4
333,C:\Users\jooer\OneDrive\Desktop\IS708_Project Material\IS708_Project Material\IS708_API\train_data\train_data\Audio\4\1678429767600.wav,4
334,C:\Users\jooer\OneDrive\Desktop\IS708_Project Material\IS708_Project Material\IS708_API\train_data\train_data\Audio\4\1678429771437.wav,4
335,C:\Users\jooer\OneDrive\Desktop\IS708_Project Material\IS708_Project Material\IS708_API\train_data\train_data\Audio\4\1678429776517.wav,4
336,C:\Users\jooer\OneDrive\Desktop\IS708_Project Material\IS708_Project Material\IS708_API\train_data\train_data\Audio\4\1678429781401.wav,4
337,C:\Users\jooer\OneDrive\Desktop\IS708_Project Material\IS708_Project Material\IS708_API\train_data\train_data\Audio\4\1678429786075.wav,4
338,C:\Users\jooer\OneDrive\Desktop\IS708_Project Material\IS708_Project Material\IS708_API\train_data\train_data\Audio\4\1678429790242.wav,4
339,C:\Users\jooer\OneDrive\Desktop\IS708_Project Material\IS708_Project Material\IS708_API\train_data\train_data\Audio\4\1678429794108.wav,4
340,C:\Users\jooer\OneDrive\Desktop\IS708_Project Material\IS708_Project Material\IS708_API\train_data\train_data\Audio\4\1678429797993.wav,4
341,C:\Users\jooer\OneDrive\Desktop\IS708_Project Material\IS708_Project Material\IS708_API\train_data\train_data\Audio\4\1678429801779.wav,4
342,C:\Users\jooer\OneDrive\Desktop\IS708_Project Material\IS708_Project Material\IS708_API\train_data\train_data\Audio\4\1678429805791.wav,4
343,C:\Users\jooer\OneDrive\Desktop\IS708_Project Material\IS708_Project Material\IS708_API\train_data\train_data\Audio\4\1678429809444.wav,4
344,C:\Users\jooer\OneDrive\Desktop\IS708_Project Material\IS708_Project Material\IS708_API\train_data\train_data\Audio\4\1678429813091.wav,4
345,C:\Users\jooer\OneDrive\Desktop\IS708_Project Material\IS708_Project Material\IS708_API\train_data\train_data\Audio\4\1678429816722.wav,4
346,C:\Users\jooer\OneDrive\Desktop\IS708_Project Material\IS708_Project Material\IS708_API\train_data\train_data\Audio\4\1678429820758.wav,4
347,C:\Users\jooer\OneDrive\Desktop\IS708_Project Material\IS708_Project Material\IS708_API\train_data\train_data\Audio\4\1678429824584.wav,4
348,C:\Users\jooer\OneDrive\Desktop\IS708_Project Material\IS708_Project Material\IS708_API\train_data\train_data\Audio\4\1678429828243.wav,4
349,C:\Users\jooer\OneDrive\Desktop\IS708_Project Material\IS708_Project Material\IS708_API\train_data\train_data\Audio\4\1678429831936.wav,4
350,C:\Users\jooer\OneDrive\Desktop\IS708_Project Material\IS708_Project Material\IS708_API\train_data\train_data\Audio\4\1678429835793.wav,4
351,C:\Users\jooer\OneDrive\Desktop\IS708_Project Material\IS708_Project Material\IS708_API\train_data\train_data\Audio\4\1678429839438.wav,4
352,C:\Users\jooer\OneDrive\Desktop\IS708_Project Material\IS708_Project Material\IS708_API\train_data\train_data\Audio\4\1678429843255.wav,4
353,C:\Users\jooer\OneDrive\Desktop\IS708_Project Material\IS708_Project Material\IS708_API\train_data\train_data\Audio\4\1678429847163.wav,4
354,C:\Users\jooer\OneDrive\Desktop\IS708_Project Material\IS708_Project Material\IS708_API\train_data\train_data\Audio\4\1678429850883.wav,4
355,C:\Users\jooer\OneDrive\Desktop\IS708_Project Material\IS708_Project Material\IS708_API\train_data\train_data\Audio\4\1678429855424.wav,4
356,C:\Users\jooer\OneDrive\Desktop\IS708_Project Material\IS708_Project Material\IS708_API\train_data\train_data\Audio\4\1678429859158.wav,4
357,C:\Users\jooer\OneDrive\Desktop\IS708_Project Material\IS708_Project Material\IS708_API\train_data\train_data\Audio\4\1678429863510.wav,4
358,C:\Users\jooer\OneDrive\Desktop\IS708_Project Material\IS708_Project Material\IS708_API\train_data\train_data\Audio\4\1678429867633.wav,4
359,C:\Users\jooer\OneDrive\Desktop\IS708_Project Material\IS708_Project Material\IS708_API\train_data\train_data\Audio\4\1678429871408.wav,4
360,C:\Users\jooer\OneDrive\Desktop\IS708_Project Material\IS708_Project Material\IS708_API\train_data\train_data\Audio\4\1678429876025.wav,4
361,C:\Users\jooer\OneDrive\Desktop\IS708_Project Material\IS708_Project Material\IS708_API\train_data\train_data\Audio\4\1678429879707.wav,4
362,C:\Users\jooer\OneDrive\Desktop\IS708_Project Material\IS708_Project Material\IS708_API\train_data\train_data\Audio\4\1678429886206.wav,4
363,C:\Users\jooer\OneDrive\Desktop\IS708_Project Material\IS708_Project Material\IS708_API\train_data\train_data\Audio\4\1678429891241.wav,4
364,C:\Users\jooer\OneDrive\Desktop\IS708_Project Material\IS708_Project Material\IS708_API\train_data\train_data\Audio\4\1678429895217.wav,4
365,C:\Users\jooer\OneDrive\Desktop\IS708_Project Material\IS708_Project Material\IS708_API\train_data\train_data\Audio\4\1678429900205.wav,4
366,C:\Users\jooer\OneDrive\Desktop\IS708_Project Material\IS708_Project Material\IS708_API\train_data\train_data\Audio\4\1678430204652.wav,4
367,C:\Users\jooer\OneDrive\Desktop\IS708_Project Material\IS708_Project Material\IS708_API\train_data\train_data\Audio\4\1678430209000.wav,4
368,C:\Users\jooer\OneDrive\Desktop\IS708_Project Material\IS708_Project Material\IS708_API\train_data\train_data\Audio\4\1678430212936.wav,4
369,C:\Users\jooer\OneDrive\Desktop\IS708_Project Material\IS708_Project Material\IS708_API\train_data\train_data\Audio\4\1678430216874.wav,4
370,C:\Users\jooer\OneDrive\Desktop\IS708_Project Material\IS708_Project Material\IS708_API\train_data\train_data\Audio\4\1678430220724.wav,4
371,C:\Users\jooer\OneDrive\Desktop\IS708_Project Material\IS708_Project Material\IS708_API\train_data\train_data\Audio\4\1678430246902.wav,4
372,C:\Users\jooer\OneDrive\Desktop\IS708_Project Material\IS708_Project Material\IS708_API\train_data\train_data\Audio\4\1678430250876.wav,4
373,C:\Users\jooer\OneDrive\Desktop\IS708_Project Material\IS708_Project Material\IS708_API\train_data\train_data\Audio\4\1678430254821.wav,4
374,C:\Users\jooer\OneDrive\Desktop\IS708_Project Material\IS708_Project Material\IS708_API\train_data\train_data\Audio\4\1678430258813.wav,4
375,C:\Users\jooer\OneDrive\Desktop\IS708_Project Material\IS708_Project Material\IS708_API\train_data\train_data\Audio\4\1678430262610.wav,4
376,C:\Users\jooer\OneDrive\Desktop\IS708_Project Material\IS708_Project Material\IS708_API\train_data\train_data\Audio\4\1678430266438.wav,4
377,C:\Users\jooer\OneDrive\Desktop\IS708_Project Material\IS708_Project Material\IS708_API\train_data\train_data\Audio\4\1678430270297.wav,4
378,C:\Users\jooer\OneDrive\Desktop\IS708_Project Material\IS708_Project Material\IS708_API\train_data\train_data\Audio\4\1678430274011.wav,4
379,C:\Users\jooer\OneDrive\Desktop\IS708_Project Material\IS708_Project Material\IS708_API\train_data\train_data\Audio\4\1678430277864.wav,4
380,C:\Users\jooer\OneDrive\Desktop\IS708_Project Material\IS708_Project Material\IS708_API\train_data\train_data\Audio\4\1678430281536.wav,4
381,C:\Users\jooer\OneDrive\Desktop\IS708_Project Material\IS708_Project Material\IS708_API\train_data\train_data\Audio\4\1678430285472.wav,4
382,C:\Users\jooer\OneDrive\Desktop\IS708_Project Material\IS708_Project Material\IS708_API\train_data\train_data\Audio\4\1678430289389.wav,4
383,C:\Users\jooer\OneDrive\Desktop\IS708_Project Material\IS708_Project Material\IS708_API\train_data\train_data\Audio\4\1678430293319.wav,4
384,C:\Users\jooer\OneDrive\Desktop\IS708_Project Material\IS708_Project Material\IS708_API\train_data\train_data\Audio\4\1678430297132.wav,4
385,C:\Users\jooer\OneDrive\Desktop\IS708_Project Material\IS708_Project Material\IS708_API\train_data\train_data\Audio\4\1678430300870.wav,4
386,C:\Users\jooer\OneDrive\Desktop\IS708_Project Material\IS708_Project Material\IS708_API\train_data\train_data\Audio\4\1678430304738.wav,4
387,C:\Users\jooer\OneDrive\Desktop\IS708_Project Material\IS708_Project Material\IS708_API\train_data\train_data\Audio\4\1678430308447.wav,4
388,C:\Users\jooer\OneDrive\Desktop\IS708_Project Material\IS708_Project Material\IS708_API\train_data\train_data\Audio\4\1678430312213.wav,4
389,C:\Users\jooer\OneDrive\Desktop\IS708_Project Material\IS708_Project Material\IS708_API\train_data\train_data\Audio\4\1678430315864.wav,4
390,C:\Users\jooer\OneDrive\Desktop\IS708_Project Material\IS708_Project Material\IS708_API\train_data\train_data\Audio\4\1678430319477.wav,4
391,C:\Users\jooer\OneDrive\Desktop\IS708_Project Material\IS708_Project Material\IS708_API\train_data\train_data\Audio\4\1678430323439.wav,4
392,C:\Users\jooer\OneDrive\Desktop\IS708_Project Material\IS708_Project Material\IS708_API\train_data\train_data\Audio\4\1678430327367.wav,4
393,C:\Users\jooer\OneDrive\Desktop\IS708_Project Material\IS708_Project Material\IS708_API\train_data\train_data\Audio\4\1678430331097.wav,4
394,C:\Users\jooer\OneDrive\Desktop\IS708_Project Material\IS708_Project Material\IS708_API\train_data\train_data\Audio\4\1678430334855.wav,4
395,C:\Users\jooer\OneDrive\Desktop\IS708_Project Material\IS708_Project Material\IS708_API\train_data\train_data\Audio\4\1678430338715.wav,4
396,C:\Users\jooer\OneDrive\Desktop\IS708_Project Material\IS708_Project Material\IS708_API\train_data\train_data\Audio\4\1678430342587.wav,4
397,C:\Users\jooer\OneDrive\Desktop\IS708_Project Material\IS708_Project Material\IS708_API\train_data\train_data\Audio\4\1678430346480.wav,4
398,C:\Users\jooer\OneDrive\Desktop\IS708_Project Material\IS708_Project Material\IS708_API\train_data\train_data\Audio\4\1678430351438.wav,4
399,C:\Users\jooer\OneDrive\Desktop\IS708_Project Material\IS708_Project Material\IS708_API\train_data\train_data\Audio\4\1678430355306.wav,4
400,C:\Users\jooer\OneDrive\Desktop\IS708_Project Material\IS708_Project Material\IS708_API\train_data\train_data\Audio\5\1678430503194.wav,5
401,C:\Users\jooer\OneDrive\Desktop\IS708_Project Material\IS708_Project Material\IS708_API\train_data\train_data\Audio\5\1678430511819.wav,5
402,C:\Users\jooer\OneDrive\Desktop\IS708_Project Material\IS708_Project Material\IS708_API\train_data\train_data\Audio\5\1678430517156.wav,5
403,C:\Users\jooer\OneDrive\Desktop\IS708_Project Material\IS708_Project Material\IS708_API\train_data\train_data\Audio\5\1678430531451.wav,5
404,C:\Users\jooer\OneDrive\Desktop\IS708_Project Material\IS708_Project Material\IS708_API\train_data\train_data\Audio\5\1678430535951.wav,5
405,C:\Users\jooer\OneDrive\Desktop\IS708_Project Material\IS708_Project Material\IS708_API\train_data\train_data\Audio\5\1678430541371.wav,5
406,C:\Users\jooer\OneDrive\Desktop\IS708_Project Material\IS708_Project Material\IS708_API\train_data\train_data\Audio\5\1678430546193.wav,5
407,C:\Users\jooer\OneDrive\Desktop\IS708_Project Material\IS708_Project Material\IS708_API\train_data\train_data\Audio\5\1678430550999.wav,5
408,C:\Users\jooer\OneDrive\Desktop\IS708_Project Material\IS708_Project Material\IS708_API\train_data\train_data\Audio\5\1678430555185.wav,5
409,C:\Users\jooer\OneDrive\Desktop\IS708_Project Material\IS708_Project Material\IS708_API\train_data\train_data\Audio\5\1678430559334.wav,5
410,C:\Users\jooer\OneDrive\Desktop\IS708_Project Material\IS708_Project Material\IS708_API\train_data\train_data\Audio\5\1678430564222.wav,5
411,C:\Users\jooer\OneDrive\Desktop\IS708_Project Material\IS708_Project Material\IS708_API\train_data\train_data\Audio\5\1678430569311.wav,5
412,C:\Users\jooer\OneDrive\Desktop\IS708_Project Material\IS708_Project Material\IS708_API\train_data\train_data\Audio\5\1678430574007.wav,5
413,C:\Users\jooer\OneDrive\Desktop\IS708_Project Material\IS708_Project Material\IS708_API\train_data\train_data\Audio\5\1678430578238.wav,5
414,C:\Users\jooer\OneDrive\Desktop\IS708_Project Material\IS708_Project Material\IS708_API\train_data\train_data\Audio\5\1678430582544.wav,5
415,C:\Users\jooer\OneDrive\Desktop\IS708_Project Material\IS708_Project Material\IS708_API\train_data\train_data\Audio\5\1678430586795.wav,5
416,C:\Users\jooer\OneDrive\Desktop\IS708_Project Material\IS708_Project Material\IS708_API\train_data\train_data\Audio\5\1678430591088.wav,5
417,C:\Users\jooer\OneDrive\Desktop\IS708_Project Material\IS708_Project Material\IS708_API\train_data\train_data\Audio\5\1678430595420.wav,5
418,C:\Users\jooer\OneDrive\Desktop\IS708_Project Material\IS708_Project Material\IS708_API\train_data\train_data\Audio\5\1678430599531.wav,5
419,C:\Users\jooer\OneDrive\Desktop\IS708_Project Material\IS708_Project Material\IS708_API\train_data\train_data\Audio\5\1678430603793.wav,5
420,C:\Users\jooer\OneDrive\Desktop\IS708_Project Material\IS708_Project Material\IS708_API\train_data\train_data\Audio\5\1678430607925.wav,5
421,C:\Users\jooer\OneDrive\Desktop\IS708_Project Material\IS708_Project Material\IS708_API\train_data\train_data\Audio\5\1678430611941.wav,5
422,C:\Users\jooer\OneDrive\Desktop\IS708_Project Material\IS708_Project Material\IS708_API\train_data\train_data\Audio\5\1678430615360.wav,5
423,C:\Users\jooer\OneDrive\Desktop\IS708_Project Material\IS708_Project Material\IS708_API\train_data\train_data\Audio\5\1678430619786.wav,5
424,C:\Users\jooer\OneDrive\Desktop\IS708_Project Material\IS708_Project Material\IS708_API\train_data\train_data\Audio\5\1678430623811.wav,5
425,C:\Users\jooer\OneDrive\Desktop\IS708_Project Material\IS708_Project Material\IS708_API\train_data\train_data\Audio\5\1678430627804.wav,5
426,C:\Users\jooer\OneDrive\Desktop\IS708_Project Material\IS708_Project Material\IS708_API\train_data\train_data\Audio\5\1678430631773.wav,5
427,C:\Users\jooer\OneDrive\Desktop\IS708_Project Material\IS708_Project Material\IS708_API\train_data\train_data\Audio\5\1678430635727.wav,5
428,C:\Users\jooer\OneDrive\Desktop\IS708_Project Material\IS708_Project Material\IS708_API\train_data\train_data\Audio\5\1678430640588.wav,5
429,C:\Users\jooer\OneDrive\Desktop\IS708_Project Material\IS708_Project Material\IS708_API\train_data\train_data\Audio\5\1678430644709.wav,5
430,C:\Users\jooer\OneDrive\Desktop\IS708_Project Material\IS708_Project Material\IS708_API\train_data\train_data\Audio\5\1678430648808.wav,5
431,C:\Users\jooer\OneDrive\Desktop\IS708_Project Material\IS708_Project Material\IS708_API\train_data\train_data\Audio\5\1678430653080.wav,5
432,C:\Users\jooer\OneDrive\Desktop\IS708_Project Material\IS708_Project Material\IS708_API\train_data\train_data\Audio\5\1678430657182.wav,5
433,C:\Users\jooer\OneDrive\Desktop\IS708_Project Material\IS708_Project Material\IS708_API\train_data\train_data\Audio\5\1678430661467.wav,5
434,C:\Users\jooer\OneDrive\Desktop\IS708_Project Material\IS708_Project Material\IS708_API\train_data\train_data\Audio\5\1678430665507.wav,5
435,C:\Users\jooer\OneDrive\Desktop\IS708_Project Material\IS708_Project Material\IS708_API\train_data\train_data\Audio\5\1678430669360.wav,5
436,C:\Users\jooer\OneDrive\Desktop\IS708_Project Material\IS708_Project Material\IS708_API\train_data\train_data\Audio\5\1678430673577.wav,5
437,C:\Users\jooer\OneDrive\Desktop\IS708_Project Material\IS708_Project Material\IS708_API\train_data\train_data\Audio\5\1678430677628.wav,5
438,C:\Users\jooer\OneDrive\Desktop\IS708_Project Material\IS708_Project Material\IS708_API\train_data\train_data\Audio\5\1678430681463.wav,5
439,C:\Users\jooer\OneDrive\Desktop\IS708_Project Material\IS708_Project Material\IS708_API\train_data\train_data\Audio\5\1678430684922.wav,5
440,C:\Users\jooer\OneDrive\Desktop\IS708_Project Material\IS708_Project Material\IS708_API\train_data\train_data\Audio\5\1678430688919.wav,5
441,C:\Users\jooer\OneDrive\Desktop\IS708_Project Material\IS708_Project Material\IS708_API\train_data\train_data\Audio\5\1678430693037.wav,5
442,C:\Users\jooer\OneDrive\Desktop\IS708_Project Material\IS708_Project Material\IS708_API\train_data\train_data\Audio\5\1678430697068.wav,5
443,C:\Users\jooer\OneDrive\Desktop\IS708_Project Material\IS708_Project Material\IS708_API\train_data\train_data\Audio\5\1678430701066.wav,5
444,C:\Users\jooer\OneDrive\Desktop\IS708_Project Material\IS708_Project Material\IS708_API\train_data\train_data\Audio\5\1678430704945.wav,5
445,C:\Users\jooer\OneDrive\Desktop\IS708_Project Material\IS708_Project Material\IS708_API\train_data\train_data\Audio\5\1678430708803.wav,5
446,C:\Users\jooer\OneDrive\Desktop\IS708_Project Material\IS708_Project Material\IS708_API\train_data\train_data\Audio\5\1678430712628.wav,5
447,C:\Users\jooer\OneDrive\Desktop\IS708_Project Material\IS708_Project Material\IS708_API\train_data\train_data\Audio\5\1678430716563.wav,5
448,C:\Users\jooer\OneDrive\Desktop\IS708_Project Material\IS708_Project Material\IS708_API\train_data\train_data\Audio\5\1678430720449.wav,5
449,C:\Users\jooer\OneDrive\Desktop\IS708_Project Material\IS708_Project Material\IS708_API\train_data\train_data\Audio\5\1678430724384.wav,5
450,C:\Users\jooer\OneDrive\Desktop\IS708_Project Material\IS708_Project Material\IS708_API\train_data\train_data\Audio\5\1678430728384.wav,5
451,C:\Users\jooer\OneDrive\Desktop\IS708_Project Material\IS708_Project Material\IS708_API\train_data\train_data\Audio\5\1678430732337.wav,5
452,C:\Users\jooer\OneDrive\Desktop\IS708_Project Material\IS708_Project Material\IS708_API\train_data\train_data\Audio\5\1678430736219.wav,5
453,C:\Users\jooer\OneDrive\Desktop\IS708_Project Material\IS708_Project Material\IS708_API\train_data\train_data\Audio\5\1678430740342.wav,5
454,C:\Users\jooer\OneDrive\Desktop\IS708_Project Material\IS708_Project Material\IS708_API\train_data\train_data\Audio\5\1678430744415.wav,5
455,C:\Users\jooer\OneDrive\Desktop\IS708_Project Material\IS708_Project Material\IS708_API\train_data\train_data\Audio\5\1678430748634.wav,5
456,C:\Users\jooer\OneDrive\Desktop\IS708_Project Material\IS708_Project Material\IS708_API\train_data\train_data\Audio\5\1678430754052.wav,5
457,C:\Users\jooer\OneDrive\Desktop\IS708_Project Material\IS708_Project Material\IS708_API\train_data\train_data\Audio\5\1678430758329.wav,5
458,C:\Users\jooer\OneDrive\Desktop\IS708_Project Material\IS708_Project Material\IS708_API\train_data\train_data\Audio\5\1678430762720.wav,5
459,C:\Users\jooer\OneDrive\Desktop\IS708_Project Material\IS708_Project Material\IS708_API\train_data\train_data\Audio\5\1678430767238.wav,5
460,C:\Users\jooer\OneDrive\Desktop\IS708_Project Material\IS708_Project Material\IS708_API\train_data\train_data\Audio\5\1678430771648.wav,5
461,C:\Users\jooer\OneDrive\Desktop\IS708_Project Material\IS708_Project Material\IS708_API\train_data\train_data\Audio\5\1678430775800.wav,5
462,C:\Users\jooer\OneDrive\Desktop\IS708_Project Material\IS708_Project Material\IS708_API\train_data\train_data\Audio\5\1678430779627.wav,5
463,C:\Users\jooer\OneDrive\Desktop\IS708_Project Material\IS708_Project Material\IS708_API\train_data\train_data\Audio\5\1678430783934.wav,5
464,C:\Users\jooer\OneDrive\Desktop\IS708_Project Material\IS708_Project Material\IS708_API\train_data\train_data\Audio\5\1678430787800.wav,5
465,C:\Users\jooer\OneDrive\Desktop\IS708_Project Material\IS708_Project Material\IS708_API\train_data\train_data\Audio\5\1678430791972.wav,5
466,C:\Users\jooer\OneDrive\Desktop\IS708_Project Material\IS708_Project Material\IS708_API\train_data\train_data\Audio\5\1678430796139.wav,5
467,C:\Users\jooer\OneDrive\Desktop\IS708_Project Material\IS708_Project Material\IS708_API\train_data\train_data\Audio\5\1678430800557.wav,5
468,C:\Users\jooer\OneDrive\Desktop\IS708_Project Material\IS708_Project Material\IS708_API\train_data\train_data\Audio\5\1678430805558.wav,5
469,C:\Users\jooer\OneDrive\Desktop\IS708_Project Material\IS708_Project Material\IS708_API\train_data\train_data\Audio\5\1678430810366.wav,5
470,C:\Users\jooer\OneDrive\Desktop\IS708_Project Material\IS708_Project Material\IS708_API\train_data\train_data\Audio\5\1678430814870.wav,5
471,C:\Users\jooer\OneDrive\Desktop\IS708_Project Material\IS708_Project Material\IS708_API\train_data\train_data\Audio\5\1678430818725.wav,5
472,C:\Users\jooer\OneDrive\Desktop\IS708_Project Material\IS708_Project Material\IS708_API\train_data\train_data\Audio\5\1678430822697.wav,5
473,C:\Users\jooer\OneDrive\Desktop\IS708_Project Material\IS708_Project Material\IS708_API\train_data\train_data\Audio\5\1678430826522.wav,5
474,C:\Users\jooer\OneDrive\Desktop\IS708_Project Material\IS708_Project Material\IS708_API\train_data\train_data\Audio\5\1678430830366.wav,5
475,C:\Users\jooer\OneDrive\Desktop\IS708_Project Material\IS708_Project Material\IS708_API\train_data\train_data\Audio\5\1678430834483.wav,5
476,C:\Users\jooer\OneDrive\Desktop\IS708_Project Material\IS708_Project Material\IS708_API\train_data\train_data\Audio\5\1678430838620.wav,5
477,C:\Users\jooer\OneDrive\Desktop\IS708_Project Material\IS708_Project Material\IS708_API\train_data\train_data\Audio\5\1678430842697.wav,5
478,C:\Users\jooer\OneDrive\Desktop\IS708_Project Material\IS708_Project Material\IS708_API\train_data\train_data\Audio\5\1678430847309.wav,5
479,C:\Users\jooer\OneDrive\Desktop\IS708_Project Material\IS708_Project Material\IS708_API\train_data\train_data\Audio\5\1678430851136.wav,5
480,C:\Users\jooer\OneDrive\Desktop\IS708_Project Material\IS708_Project Material\IS708_API\train_data\train_data\Audio\5\1678430855733.wav,5
481,C:\Users\jooer\OneDrive\Desktop\IS708_Project Material\IS708_Project Material\IS708_API\train_data\train_data\Audio\5\1678430859814.wav,5
482,C:\Users\jooer\OneDrive\Desktop\IS708_Project Material\IS708_Project Material\IS708_API\train_data\train_data\Audio\5\1678430864793.wav,5
483,C:\Users\jooer\OneDrive\Desktop\IS708_Project Material\IS708_Project Material\IS708_API\train_data\train_data\Audio\5\1678430868720.wav,5
484,C:\Users\jooer\OneDrive\Desktop\IS708_Project Material\IS708_Project Material\IS708_API\train_data\train_data\Audio\5\1678430872660.wav,5
485,C:\Users\jooer\OneDrive\Desktop\IS708_Project Material\IS708_Project Material\IS708_API\train_data\train_data\Audio\5\1678430876736.wav,5
486,C:\Users\jooer\OneDrive\Desktop\IS708_Project Material\IS708_Project Material\IS708_API\train_data\train_data\Audio\5\1678430880942.wav,5
487,C:\Users\jooer\OneDrive\Desktop\IS708_Project Material\IS708_Project Material\IS708_API\train_data\train_data\Audio\5\1678430885456.wav,5
488,C:\Users\jooer\OneDrive\Desktop\IS708_Project Material\IS708_Project Material\IS708_API\train_data\train_data\Audio\5\1678430889573.wav,5
489,C:\Users\jooer\OneDrive\Desktop\IS708_Project Material\IS708_Project Material\IS708_API\train_data\train_data\Audio\5\1678430893704.wav,5
490,C:\Users\jooer\OneDrive\Desktop\IS708_Project Material\IS708_Project Material\IS708_API\train_data\train_data\Audio\5\1678430898312.wav,5
491,C:\Users\jooer\OneDrive\Desktop\IS708_Project Material\IS708_Project Material\IS708_API\train_data\train_data\Audio\5\1678430902526.wav,5
492,C:\Users\jooer\OneDrive\Desktop\IS708_Project Material\IS708_Project Material\IS708_API\train_data\train_data\Audio\5\1678430908649.wav,5
493,C:\Users\jooer\OneDrive\Desktop\IS708_Project Material\IS708_Project Material\IS708_API\train_data\train_data\Audio\5\1678430912569.wav,5
494,C:\Users\jooer\OneDrive\Desktop\IS708_Project Material\IS708_Project Material\IS708_API\train_data\train_data\Audio\5\1678430916487.wav,5
495,C:\Users\jooer\OneDrive\Desktop\IS708_Project Material\IS708_Project Material\IS708_API\train_data\train_data\Audio\5\1678430920479.wav,5
496,C:\Users\jooer\OneDrive\Desktop\IS708_Project Material\IS708_Project Material\IS708_API\train_data\train_data\Audio\5\1678430924367.wav,5
497,C:\Users\jooer\OneDrive\Desktop\IS708_Project Material\IS708_Project Material\IS708_API\train_data\train_data\Audio\5\1678430928310.wav,5
498,C:\Users\jooer\OneDrive\Desktop\IS708_Project Material\IS708_Project Material\IS708_API\train_data\train_data\Audio\5\1678430932136.wav,5
499,C:\Users\jooer\OneDrive\Desktop\IS708_Project Material\IS708_Project Material\IS708_API\train_data\train_data\Audio\5\1678430936747.wav,5
